customer_id,first_name,last_name,email,address_line_1,city,postcode,country,signup_date
CUST-00001,Anna,O'Brien,anna.obrien94@yahoo.co.uk,93 High Street,London,E3 8WB,United Kingdom,2022-10-02
CUST-00002,Sophia,Kowalski,kowalski.sophia@gmail.com,137 Queens Road,Sheffield,S6 8HR,United Kingdom,2024-06-22
CUST-00003,Ines,Marshall,ines.marshall41@gmail.com,31 George Street,Glasgow,G49 3JD,United Kingdom,2023-04-16
CUST-00004,Rachel,Kowalski,RACHEL.KOWALSKI@GMAIL.COM,6 The Green,London,N19 2FH,United Kingdom,2023-11-23
CUST-00005,Henry,Stone,henry96@gmail.com,90 Victoria Road,Leeds,LS9 5WP,United Kingdom,2025-09-30
CUST-00006,Sofia,Li,sofia.li@gmail.com,3 The Green,Ipswich,IP2 9WZ,United Kingdom,2024-07-30
CUST-00007,Noah,Tran,noahtran@gmail.com,10 Rue de la Gare,Lyon,69009,France,2023-02-06
CUST-00008,Louise,de Jong,louise.dejong87@gmail.com,34 West Street,Manchester,M28 5PB,United Kingdom,2023-02-20
CUST-00498,Graham,O'Connor,grahamoconnor@gmail.com,126 Willow Way,Nottingham,NG4 9WD,United Kingdom,2022-11-09
CUST-00009,Thomas,King,thomas73@gmail.com,21 Queens Road,Luton,LU2 6TR,United Kingdom,2022-08-20
CUST-00010,Aoife,Martin,martin.aoife@outlook.com,Gartenweg 144,Munich,81523,Germany,2024-10-31
CUST-00011,Lily,Stone,lstone@gmail.com,5 Bridge Street,Leeds,LS2 0BJ,United Kingdom,2023-09-10
CUST-00012,Chris,Ryan,chris.ryan52@gmail.com,130 Hillside Avenue,Portsmouth,PO1 4JP,United Kingdom,2024-07-23
CUST-00013,Femke,Jackson,femke.jackson@outlook.com,113 Richmond Road,Birmingham,B29 8TW,United Kingdom,2022-12-31
CUST-00014,Arjun,Khan,arjun.khan87@outlook.com,90 Meadow View,London,W6 9ST,United Kingdom,2023-11-29
CUST-00015,Aoife,Baker,abaker@outlook.com,99 Windsor Drive,Manchester,M36 5NX,United Kingdom,2023-10-12
CUST-00016,Kwame,Mason,kwame.mason@outlook.com,3 Springfield Road,Edinburgh,EH13 8JX,United Kingdom,2024-11-08
CUST-00017,George,Mason,george.mason.hotmail.com,62 Alexandra Road,Birmingham,B2 3PJ,United Kingdom,2023-10-12
CUST-00018,Ryan,Harper,,44 York Road,Birmingham,B9 7PB,United Kingdom,2025-01-09
CUST-00019,Connor,Fernández,connor.fernandez@outlook.com,85 Elm Grove,Swansea,SA7 7TJ,United Kingdom,10-03-2025
CUST-00020,Chloe,Ali,chloe_ali@hotmail.co.uk,24 The Green,Manchester,M29 3AH,United Kingdom,2023-01-06
CUST-00021,Arjun,Osei,osei.arjun@gmail.com,96 Mill Lane,Cardiff,CF10 2PR,United Kingdom,2024-05-01
CUST-00022,Ava,Hunt,ava.hunt@hotmail.co.uk,52 High Street,Reading,RG2 2ES,United Kingdom,2022-07-27
CUST-00023,Louise,Campbell,lcampbell@icloud.com,8 High Street,Brighton,BN2 5SN,United Kingdom,2024-01-11
CUST-00024,David,Rossi,david_rossi@btinternet.com,65 London Road,Edinburgh,EH12 0PL,United Kingdom,2023-05-27
CUST-00025,Chioma,Morris,chioma.morris@btinternet.com,100 Grange Road,Newcastle upon Tyne,NE15 1ZS,United Kingdom,2023-09-30
CUST-00026,Max,Hussain,mhussain@gmail.com,76 Castle Street,London,NW8 8DN,United Kingdom,2023-02-09
CUST-00027,James,Ward,jamesward@hotmail.com,37 Springfield Road,Hull,HU2 5YA,United Kingdom,2025-05-02
CUST-00028,Leo,Nguyen,leo88@gmail.com,70 O'Connell Street,Cork,T12 G8GK,Ireland,2024-05-27
CUST-00029,Chioma,Brennan,chioma.brennan@btinternet.com,28 Abbey Street,Galway,H91 D78T,Ireland,2023-06-13
CUST-00030,Mark,Murray,,14 Queens Road,Edinburgh,EH16 0FJ,United Kingdom,2023-10-26
CUST-00258,Fatima,Hill,FATIMA.HILL@HOTMAIL.CO.UK,107 Victoria Road,Brighton,BN2 5AZ,United Kingdom,2023-02-14
CUST-00031,Amara,Wright,amara.wright@outlook.com,84 North Street,London,SW11 3NS,United Kingdom,2024-07-02
CUST-00032,Isla,Palmer,isla_palmer@gmail.com,88 Bridge Street,Leeds,LS12 5QU,United Kingdom,2025-01-21
CUST-00033,Yusuf,Tran,yusuf91@outlook.com,90 Orchard Close,London,WC2 1QY,United Kingdom,2023-07-11
CUST-00034,Anna,García,anna_garcia@yahoo.co.uk,15 Church Road,Cork,T12 946V,Ireland,2023-01-01
CUST-00035,Chioma,Palmer,@outlook.com,24 Victoria Road,York,YO9 9JJ,United Kingdom,2022-07-25
CUST-00036,Arjun,Lynch,arjunlynch@icloud.com,73 Victoria Road,London,W9 0PL,United Kingdom,2024-03-05
CUST-00037,Hannah,Kaur,kaur.hannah@yahoo.co.uk,49 North Street,Leeds,LS13 7RW,United Kingdom,2024-09-25
CUST-00038,Lucy,Hill,lucy.hill@gmail.com,43 Station Road,Plymouth,PL5 0NZ,United Kingdom,2025-08-02
CUST-00039,Daisy,Tran,daisy72@gmail.com,121 Alexandra Road,London,SE24 2BH,United Kingdom,2024-06-20
CUST-00040,Freddie,Watson,freddiewatson@hotmail.co.uk,29 Abbey Street,Limerick,V94 HWFC,Ireland,2025-03-30
CUST-00041,Martin,Doyle,martin71@icloud.com,78 New Road,Leicester,LE7 9NP,United Kingdom,15-04-2023
CUST-00042,Megan,López,megan.lopez84@btinternet.com,53 London Road,Birmingham,B32 6QX,UK,2022-08-06
CUST-00043,Simon,Evans,evans.simon@btinternet.com,55 London Road,Glasgow,G42 7ZW,United Kingdom,2023-01-20
CUST-00044,Alice,Weber,aweber@yahoo.co.uk,73 Windsor Drive,Sheffield,S9 7PA,United Kingdom,2025-08-25
CUST-00045,Arjun,Fraser,arjun.fraser20@live.co.uk,73 Mill Lane,London,NW1 3LA,United Kingdom,2023-07-24
CUST-00046,Sarah,Lloyd,sarah_lloyd.hotmail.co.uk,138 Church Lane,Coventry,CV1 1QU,United Kingdom,2022-09-23
CUST-00047,Laura,Butler,laurabutler@gmail.com,149 Bridge Street,London,EC2 7QR,United Kingdom,2022-12-09
CUST-00048,Richard,Kelly,rkelly@gmail.com,78 Meadow View,Plymouth,PL7 9PT,United Kingdom,2025-01-10
CUST-00049,Kwame,Roberts,kwame.roberts@icloud.com,125 York Road,Exeter,EX4 6NU,United Kingdom,2024-06-10
CUST-00050,Michael,King,michael.king@icloud.com,110 George Street,Preston,PR1 7HN,United Kingdom,04/10/2023
CUST-00051,Ben,Schmidt,ben91@gmail.com,50 West Street,Hull,HU1 5ZJ,United Kingdom,2023-01-17
CUST-00052,Sophie,Fischer,sophie_fischer@outlook.com,135 West Street,Stoke-on-Trent,ST4 1AX,U.K.,2024-12-22
CUST-00053,Andrew,Walsh,andrew.walsh72@hotmail.co.uk,122 Hillside Avenue,Birmingham,B8 4JX,United Kingdom,2025-04-18
CUST-00054,Karen,Fischer,karen70@hotmail.co.uk,108 George Street,London,EC4 7JY,United Kingdom,2023-04-13
CUST-00055,Helen,Clarke,helen.clarke@gmail.com,137 Broad Street,Hull,HU8 9EQ,United Kingdom,2025-04-07
CUST-00056,Liam,Evans,liam71@gmail.com,41 North Street,Peterborough,PE1 0GQ,United Kingdom,2024-02-03
CUST-00057,Lena,Phillips,lena_phillips@gmail.com,86 Windsor Drive,Cambridge,CB3 4TG,United Kingdom,2024-10-22
CUST-00058,Sophie,Fox,sophie.fox@icloud.com,4 Rue de la Paix,Paris,75003,France,2025-03-17
CUST-00059,Sarah,Lloyd,sarahlloyd@hotmail.com,23 The Green,London,SW12 8JT,United Kingdom,2023-05-25
CUST-00060,Alice,Hughes,alice76@icloud.com,14 The Green,Cardiff,CF20 5YZ,United Kingdom,2022-06-19
CUST-00061,Claire,Taylor,claire_taylor@gmail.com,91 London Road,Leeds,LS16 7QS,United Kingdom,2023-06-17
CUST-00062,William,Schmidt,william.schmidt@yahoo.co.uk,148 Victoria Road,Sunderland,SR5 3AY,United Kingdom,2025-09-01
CUST-00063,Arjun,JOHNSON,johnson.arjun@btinternet.com,83 Chapel Street,Belfast,BT13 8UJ,United Kingdom,2023-01-15
CUST-00064,Charlie,Jackson,cjackson@outlook.com,138 Church Road,Cork,T12 YVF6,Ireland,2024-04-26
CUST-00065,Kieran,Dixon,kdixon@hotmail.com,11 High Street,London,SW11 7JL,United Kingdom,2023-05-21
CUST-00066,Susan,Watson,susan99@outlook.com,85 Castle Street,London,NW8 3UQ,United Kingdom,2023-12-18
CUST-00067,Phoebe,O'Brien,phoebe.obrien@hotmail.co.uk,15 North Street,London,SE17 4YL,United Kingdom,2024-10-16
CUST-00068,Ian,Zhang,ian.zhang30@gmail.com,26 London Road,Oxford,OX1 1DX,United Kingdom,2022-11-19
CUST-00069,Stephen,Bailey,stephen.bailey@live.co.uk,21 Hillside Avenue,London,N11 3BA,United Kingdom,2025-09-13
CUST-00070,Neil,Roberts,neil.roberts44@hotmail.co.uk,95 Park Avenue,Dundee,DD2 6DX,United Kingdom,2024-04-06
CUST-00071,Julie,McDonald,mcdonald.julie@gmail.com,106 Church Lane,London,WC1 1SY,United Kingdom,2022-08-21
CUST-00072,Tomasz,Jackson,tomaszjackson@yahoo.co.uk,56 Alexandra Road,Glasgow,G5 6FA,United Kingdom,2022-12-27
CUST-00073,Daniel,Morris,danielmorris@live.co.uk,4 Mill Road,Galway,H91 VG9R,Ireland,2022-09-11
CUST-00074,Liam,Okafor,liam.okafor@gmail.com,37 Castle Street,London,N12 7UJ,United Kingdom,2022-09-15
CUST-00075,Sarah,Chapman,sarah.chapman70@outlook.com,127 Chapel Street,Bournemouth,BH4 1RP,United Kingdom,2024-10-16
CUST-00076,Anna,Ellis,anna.ellis65@gmail.com,139 Church Lane,London,N2 7JY,United Kingdom,2025-04-23
CUST-00077,Amara,Davies,amara.davies@hotmail.com,Keizersgracht 4,Utrecht,3551 GT,Netherlands,2022-09-09
CUST-00078,Omar,Jackson,omarjackson@gmail.com,Kerkstraat 104,Amsterdam,1014 AR,Netherlands,2024-07-02
CUST-00079,Ava,Chen,ava.chen@gmail.com,142 North Street,Coventry,CV4 3BJ,United Kingdom,2023-05-08
CUST-00080,William,Hunt,william80@gmail.com,133 Albert Street,Newcastle upon Tyne,NE26 8DT,United Kingdom,2025-01-28
CUST-00081,Julie,Fernández,juliefernandez@outlook.com,84 High Street,Brighton,BN1 2ES,United Kingdom,2024-08-13
CUST-00082,Katie,Clarke,kclarke@icloud.com,76 Grange Road,Coventry,CV5 0WT,United Kingdom,2025-01-21
CUST-00083,Aaron,Evans,aaron.evans@hotmail.co.uk,131 New Road,Cardiff,CF9 9BA,United Kingdom,2025-07-21
CUST-00084,Callum, García,callum.garcia@gmail.com,42 Church Lane,London,SE23 0TY,United Kingdom,2023-01-31
CUST-00085,Emma,Stewart,emma.stewart@hotmail.co.uk,142 Oak Tree Close,Glasgow,G29 7AD,United Kingdom,2025-08-13
CUST-00086,Julie,Pritchard,julie.pritchard@hotmail.co.uk,21 Church Lane,Newcastle upon Tyne,NE14 1NG,United Kingdom,2025-08-22
CUST-00087,Omar,Jackson,omar.jackson4@hotmail.co.uk,126 Castle Street,Brighton,BN1 1WW,United Kingdom,2024-01-20
CUST-00088,Aisha,Morris,aisha_morris@gmail.com,27 London Road,London,E3 7DZ,United Kingdom,2025-09-08
CUST-00089,Ines,Graham,ines.graham67@gmail.com,38 Rue de la Gare,Paris,75016,France,2024-05-22
CUST-00090,Samuel,Dubois,samuel.dubois99@yahoo.co.uk,2 Manor Road,Leicester,LE8 8RZ,United Kingdom,2024-12-03
CUST-00091,Richard,Byrne,byrne.richard@btinternet.com,37 Queens Road,London,SE3 2BR,United Kingdom,2022-11-21
CUST-00092,Lewis,Patel,lewispatel@gmail.com,122 High Street,Cardiff,CF13 9HS,United Kingdom,12/09/2023
CUST-00093,Wei,McDonald,wei.mcdonald@gmail.com,15 Richmond Road,Dundee,DD2 9AS,United Kingdom,2024-02-02
CUST-00094,Mark,Li,mark_li@outlook.com,121 Springfield Road,Birmingham,B19 5UQ,United Kingdom,2022-07-07
CUST-00095,Isaac,Marshall,isaac.marshall86@yahoo.co.uk,133 North Street,Belfast,BT2 1LB,United Kingdom,2025-10-09
CUST-00096,Evie,Müller,evie73@gmail.com,100 Church Lane,Derby,DE1 4ZX,United Kingdom,2024-06-09
CUST-00097,James,Marshall,james.marshall3@btinternet.com,148 Station Road,Norwich,NR1 2LP,UK,2024-06-28
CUST-00098,Kwame,Bakker,kwame.bakker70@hotmail.co.uk,Gartenweg 65,Hamburg,21014,Germany,2023-07-03
CUST-00099,Freya,Fischer,freya.fischer@outlook.com,103 Bridge Street,London,SE5 3ES,United Kingdom,2022-10-13
CUST-00100,Chloe,Green,chloe.green@hotmail.com,127 York Road,Newcastle upon Tyne,NE18 6PQ,United Kingdom,2025-08-11
CUST-00101,Samuel,Wood,samuel_wood@outlook.com,81 Elm Grove,Birmingham,B39 3EE,United Kingdom,2025-11-12
CUST-00102,Ines,Mason,ines.mason@outlook.com,52 Richmond Road,Edinburgh,EH10 1XQ,United Kingdom,2024-04-13
CUST-00103,Kenji,Mitchell,kenji78@hotmail.com,49 Queens Road,Leicester,LE3 7JJ,United Kingdom,2022-11-14
CUST-00104,Olivia,Chapman,OLIVIA.CHAPMAN@OUTLOOK.COM,74 Grange Road,Peterborough,PE1 9EU,United Kingdom,2023-07-09
CUST-00105,Chris,Graham,chris.graham@outlook.com,21 Castle Street,Sheffield,S20 1LX,United Kingdom,2025-01-02
CUST-00106,Elodie,Wilson,elodie.wilson@yahoo.co.uk,86 Springfield Road,Milton Keynes,MK8 6UU,United Kingdom,2025-06-14
CUST-00107,Julie,Bennett,juliebennett@outlook.com,83 Hillside Avenue,London,E8 1UP,United Kingdom,2024-06-12
CUST-00108,David,Jones,david.jones@gmail.com,24 Victoria Road,Nottingham,NG18 2AX,United Kingdom,2022-08-15
CUST-00406,Matthew,Kelly,matthew90@yahoo.co.uk,77 Castle Street,London,EC4 9GA,United Kingdom,2022-09-11
CUST-00109,Julie,Turner,julie.turner@yahoo.co.uk,133 The Green,Guildford,GU4 3NA,United Kingdom,2024-01-15
CUST-00110,Henry,de Jong,,33 Richmond Road,London,EC1 6TU,United Kingdom,2023-03-03
CUST-00111,Chris,Ahmed,ahmed.chris@gmail.com,7 Willow Way,London,SE12 4WH,United Kingdom,2025-10-01
CUST-00112,Julie,Nowak,julienowak@outlook.com,68 Alexandra Road,London,N12 8FS,United Kingdom,2022-08-19
CUST-00113,Lily,Wilson,lilywilson@gmail.com,96 High Street,London,E8 1QU,United Kingdom,2023-01-31
CUST-00114,Nicola,Kelly,kelly.nicola@gmail.com,131 New Road,Aberdeen,AB15 0PX,United kingdom,2023-06-06
CUST-00115,Liam,Whitehead,liam.whitehead@outlook.com,95 Broad Street,Norwich,NR1 9EU,United Kingdom,2024-12-20
CUST-00116,Isaac,Holmes,isaac_holmes@gmail.com,148 Kings Road,Reading,RG3 6DA,United Kingdom,2024-03-30
CUST-00117,Harry,Morris,harry.morris@icloud.com,2 Willow Way,Southampton,SO14 5LL,United Kingdom,2025-07-18
CUST-00118,Mohammed,Fraser,mohammed.fraser77@gmail.com,124 West Street,London,EC2 0SG,United Kingdom,2022-08-29
CUST-00119,Isla,Reid,isla.reid@gmail.com,16 Orchard Close,Edinburgh,EH12 7ZD,United Kingdom,2024-02-22
CUST-00120,Gemma,Wright,gemma.wright@outlook.com,5 Kings Road,Coventry,CV3 7NQ,United Kingdom,2022-11-30
CUST-00121,Evie,Edwards,evieedwards@,88 High Street,Bath,BA2 5ER,United Kingdom,2022-09-01
CUST-00122,Paul,Dubois,pdubois@hotmail.co.uk,54 Mill Lane,Manchester,M9 6SS,United Kingdom,2023-04-20
CUST-00123,Lewis,Fernández,lewisfernandez@hotmail.co.uk,64 Victoria Road,Nottingham,NG10 6DJ,U.K.,2022-09-19
CUST-00124,Priya,Kelly,priyakelly@yahoo.co.uk,65 O'Connell Street,Dublin,D18 EWNW,Ireland,2025-02-20
CUST-00125,Liam,Johnson,liam.johnson48@gmail.com,95 George Street,Norwich,NR8 8BW,United Kingdom,2022-12-12
CUST-00126,Liam,Davies,davies.liam@gmail.com,119 Hillside Avenue,Swansea,SA7 9QW,United Kingdom,2023-01-06
CUST-00127,Sarah,King,king.sarah@outlook.com,104 Queens Road,Stoke-on-Trent,ST3 8AJ,United Kingdom,2023-08-26
CUST-00128,Tomasz,Quinn,tquinn@btinternet.com,144 Elm Grove,London,SE20 3HP,United Kingdom,2024-12-02
CUST-00129,Connor,White,connor.white@gmail.com,24 Hillside Avenue,Newcastle upon Tyne,NE3 0XB,United Kingdom,2025-07-04
CUST-00130,David,McDonald,david.mcdonald30@icloud.com,112 York Road,London,NW2 0FP,United Kingdom,2022-11-19
CUST-00131,Daniel,Clarke,dclarke@live.co.uk,34 Park Avenue,Stoke-on-Trent,ST5 7BY,United Kingdom,2023-09-23
CUST-00132,Isaac,Walsh,isaac.walsh@gmail.com,42 Main Street,Dublin,D10 BCWX,Ireland,2023-07-05
CUST-00133,Harry,James,harry91@outlook.com,52 Church Lane,Oxford,OX4 1EA,United Kingdom,2023-03-30
CUST-00134,Lewis,Smith,lewissmith@outlook.com,101 York Road,London,WC1 9XD,United Kingdom,2024-10-03
CUST-00135,Neil,Osei,neil.osei58@outlook.com,3 Victoria Road,Peterborough,PE3 5FG,United Kingdom,2023-01-02
CUST-00136,Laura,Byrne,laura_byrne@gmail.com,130 Bridge Street,London,E6 6PA,United Kingdom,2025-08-24
CUST-00137,Yuki,Griffiths,yuki.griffiths@gmail.com,Calle de Alcalá 137,Madrid,28042,Spain,2023-08-26
CUST-00138,Lily,Davies,lily.davies@outlook.com,78 Oak Tree Close,Oxford,OX4 8XH,United Kingdom,2025-05-30
CUST-00139,Gemma,Johnson,gemma.johnson@gmail.com,115 George Street,Bath,BA1 9BG,United Kingdom,2022-08-23
CUST-00140,Sophia,Singh,sophia.singh20@icloud.com,66 Castle Street,Manchester,M2 2BJ,United Kingdom,2023-12-18
CUST-00141,Olivia,Jones,ojones@hotmail.co.uk,41 London Road,Leeds,LS5 8BD,United Kingdom,2025-07-03
CUST-00142,Daisy,Fox,daisy73@btinternet.com,78 Bridge Street,Cambridge,CB2 0ZE,United Kingdom,2024-06-03
CUST-00143,Hannah,Wilson,hannahwilson@outlook.com,100 Hillside Avenue,London,E14 8XG,United Kingdom,04/02/2025
CUST-00144,Andrew,Dubois,andrew.dubois@gmail.com,88 Mill Lane,Manchester,M5 3TD,United Kingdom,2022-06-27
CUST-00145,Elodie,Nguyen,elodie.nguyen@outlook.com,132 Kings Road,Birmingham,B9 8QG,United Kingdom,2023-12-23
CUST-00146,ian,Turner,turner.ian@gmail.com,34 Alexandra Road,Peterborough,PE4 6LT,United Kingdom,2025-08-26
CUST-00147,Isabella,Chapman,isabella.chapman@outlook.com,99 Grange Road,London,E14 1NW,United Kingdom,2024-08-13
CUST-00148,Lucy,Lynch,lucylynch@hotmail.co.uk,45 Queens Road,London,WC2 9US,United Kingdom,14/08/2024
CUST-00149,Sophie,Cooper,sophie.cooper@gmail.com,70 The Green,Portsmouth,PO2 5YX,United Kingdom,26/09/2023
CUST-00150,Zara,Ward,zaraward@icloud.com,132 Patrick Street,Cork,T12 WE6W,Ireland,2022-11-26
CUST-00151,Charlie,Ahmed,charlie_ahmed@gmail.com,56 Park Avenue,Leeds,LS24 9LW,United Kingdom,2025-11-03
CUST-00152,Mark,Brown,mark91@yahoo.co.uk,77 Queens Road,London,W2 2PZ,United Kingdom,2025-07-06
CUST-00153,Chloe,Baker,chloe91@gmail.com,2 Willow Way,Bristol,BS4 2FF,United Kingdom,2022-11-09
CUST-00154,Nicola,Mistry,nicolamistry@gmail.com,27 Windsor Drive,Cardiff,CF18 8NQ,United Kingdom,2023-04-26
CUST-00155,Lukas,Graham,lgraham@yahoo.co.uk,45 George Street,Manchester,M13 0UB,United Kingdom,2023-09-13
CUST-00156,Ian,Patel,ian74@gmail.com,63 Alexandra Road,Hull,HU3 9GH,United Kingdom,2025-01-04
CUST-00157,Anna,Campbell,campbell.anna@gmail.com,118 Church Lane,London,SW5 2YT, United Kingdom,2024-08-03
CUST-00158,Ian,James,ian.james@gmail.com,93 Rue de la Gare,Paris,75002,France,2024-06-11
CUST-00159,Julie,Dubois,julie84@outlook.com,30 Station Road,London,SE14 4EY,United Kingdom,2022-09-11
CUST-00160,Lena,Campbell,lena.campbell@gmail.com,85 New Road,Cardiff,CF17 9YA,United Kingdom,2024-12-05
CUST-00161,Ciara,Price,ciara.price7@gmail.com,132 Manor Road,Bristol,BS14 0SU,United Kingdom,2025-01-09
CUST-00162,Chloe,White,chloe.white@outlook.com,11 Meadow View,Guildford,GU1 9YA,United Kingdom,2025-08-13
CUST-00163,Mark,Thompson,mark.thompson63@live.co.uk,57 Alexandra Road,Leeds,LS2 6RX,United Kingdom,2022-12-20
CUST-00164,Ciara,Baker,ciarabaker@gmail.com,45 The Green,Bradford,BD12 5SL,United Kingdom,2025-04-29
CUST-00165,Archie,Zhang,azhang@hotmail.com,88 Station Road,Leicester,LE4 6EL,United Kingdom,2025-05-08
CUST-00166,Mia,O'Connor,oconnor.mia@hotmail.co.uk,61 Castle Street,London,WC1 4LL,United Kingdom,2023-12-29
CUST-00167,Yuki,Byrne,byrne.yuki@outlook.com,111 Manor Road,Coventry,CV6 1UR,United Kingdom,2025-04-09
CUST-00168,Sophie,Watson,swatson@gmail.com,5 London Road,London,W2 7QP,United Kingdom,2025-05-14
CUST-00169,aoife,Griffiths,aoifegriffiths@gmail.com,49 Kings Road,London,E4 3JN,United Kingdom,2024-01-25
CUST-00170,Claire,Murray,cmurray@hotmail.co.uk,1 The Green,Manchester,M28 1UL,United Kingdom,2025-04-17
CUST-00171,Laura,Rossi,rossi.laura@gmail.com,4 High Street,Bath,BA2 8SZ,United Kingdom,2023-04-12
CUST-00172,Callum,Stewart,callum.stewart@outlook.com,86 Alexandra Road,London,SE1 1LU,United Kingdom,2023-01-11
CUST-00173,Neil,Chapman,neil.chapman14@gmail.com,84 Castle Street,Swansea,SA7 4EH,United Kingdom,2023-12-16
CUST-00174,Fiona,Begum,fiona.begum@gmail.com,3 Albert Street,London,SW8 4DG,UK,2023-07-12
CUST-00175,Andrew,Doyle,andrew.doyle@@yahoo.co.uk,14 Alexandra Road,Leeds,LS14 4YQ,United Kingdom,2022-06-04
CUST-00176,Thomas,Reid,thomas89@gmail.com,111 Manor Road,Edinburgh,EH5 1JS,United Kingdom,10-11-2025
CUST-00177,Priya,Li,priya_li@yahoo.co.uk,65 Elm Grove,Nottingham,NG1 4SJ,United Kingdom,2022-06-11
CUST-00178,Noah,Morris,noah.morris@gmail.com,61 West Street,Wolverhampton,WV6 2BP,United Kingdom,2025-13-05
CUST-00179,Mia,Harper,harper.mia@hotmail.co.uk,127 Bridge Street,Stoke-on-Trent,ST3 4EA,United Kingdom,2024-12-16
CUST-00180,Matthew,Ellis,matthew.ellis@yahoo.co.uk,129 Orchard Close,Edinburgh,EH11 6YE,United Kingdom,2024-08-02
CUST-00181,Thomas,Begum,thomas_begum@outlook.com,140 Queens Road,Birmingham,B37 3UU,United Kingdom,2024-10-23
CUST-00182,Martin,Wright,martinwright@gmail.com,64 Albert Street,London,SE4 3ZW,United Kingdom,2025-01-24
CUST-00183,Ethan,Nowak,ethan.nowak62@hotmail.com,93 Broad Street,Leeds,LS17 9SA,United Kingdom,2023-02-19
CUST-00184, Megan,Butler,butler.megan@gmail.com,21 Park Avenue,London,EC2 2NH,United Kingdom,2023-07-13
CUST-00185,William,White,william92@gmail.com,108 Queens Road,Brighton,BN2 5YG,United Kingdom,2022-08-08
CUST-00186,Sarah,Hall,SARAH_HALL@GMAIL.COM,136 Station Road,London,E17 1SY,United Kingdom,2024-12-22
CUST-00187,Gemma,Bakker,gemma.bakker23@icloud.com,142 Meadow View,Leeds,LS11 1ZX,United Kingdom,2025-04-22
CUST-00188,Alice,Brown,alicebrown@gmail.com,6 Church Lane,Edinburgh,EH16 0FH,United Kingdom,2024-10-19
CUST-00189,Daisy,Owen,daisy.owen88@yahoo.co.uk,36 Oak Tree Close,Ipswich,IP1 1LA,United Kingdom,2023-08-23
CUST-00190,Isla,Harrison,isla.harrison80@icloud.com,12 Castle Street,Leicester,LE9 5YP,United Kingdom,2025-01-16
CUST-00191,Richard,Cooper,richard.cooper73@gmail.com,64 Park Avenue,Bristol,BS6 5BY,United Kingdom,2024-10-08
CUST-00192,Isabella,Fox,isabella74@gmail.com,33 York Road,London,EC2 6NZ,United Kingdom,2022-07-07
CUST-00193,Priya,Watson,priya.watson45@hotmail.co.uk,64 Broad Street,London,SW11 9LH,United Kingdom,13-01-2023
CUST-00194,Henry,McDonald,hmcdonald@gmail.com,119 Chapel Street,London,WC1 4JF,United Kingdom,2022-10-11
CUST-00195,Katie,Patel,katie.patel84@gmail.com,62 High Street,Sunderland,SR5 9WG,United Kingdom,2023-06-23
CUST-00196,Peter,Singh,petersingh@icloud.com,87 Kings Road,London,EC3 7DG,United Kingdom,2023-04-19
CUST-00197,Aisha,Jackson,jackson.aisha@outlook.com,133 Station Road,London,SW10 9ZR,United Kingdom,2025-01-01
CUST-00198,Grace,Stone,grace82@gmail.com,Prinsengracht 117,Amsterdam,1105 MJ,Netherlands,2025-04-05
CUST-00199,David,Dubois,david.dubois@gmail.com,Bahnhofstraße 135,Munich,80347,Germany,2025-07-17
CUST-00200,Helen,Stewart,stewart.helen@hotmail.co.uk,104 Albert Street,Leeds,LS28 3XB,United Kingdom,2024-08-31
CUST-00201,Julie,Hunt,JHUNT@LIVE.CO.UK,129 Victoria Road,Liverpool,L36 7DA,United Kingdom,2023-10-31
CUST-00202,Sophie,Fraser,sophie72@yahoo.co.uk,1 North Street,Reading,RG2 7TT,United Kingdom,2025-04-04
CUST-00203,Priya,Phillips,priya.phillips71@hotmail.com,134 Castle Street,Chelmsford,CM2 1YL,United Kingdom,2023-05-17
CUST-00204,Elodie,Robinson,elodie_robinson@hotmail.com,147 Station Road,London,W9 6SY,United Kingdom,2025-02-13
CUST-00205,Ben,Mason,ben.mason@yahoo.co.uk,107 Castle Street,Cardiff,CF3 3AH,United Kingdom,2025-10-19
CUST-00206,Freddie,Sharma,freddie86@outlook.com,140 New Road,London,NW5 8YZ,United Kingdom,2022-07-27
CUST-00207,Tomasz,Tran,tomasz.tran@gmail.com,100 Meadow View,Nottingham,NG3 0UQ,United Kingdom,2024-06-29
CUST-00208,Chioma,Marshall,chioma_marshall@gmail.com,115 Willow Way,Nottingham,NG10 5GQ,United Kingdom,2023-06-08
CUST-00209,Jamie,O'Connor,jamieoconnor@gmail.com,118 Windsor Drive,Bristol,BS6 2PB,United Kingdom,2024-12-28
CUST-00210,Henry,Patel,henry.patel@gmail.com,107 George Street,London,N9 0DY,United Kingdom,2023-10-04
CUST-00211,Thomas,Khan,thomas.khan@gmail.com,123 Alexandra Road,Luton,LU2 9TG,United Kingdom,2023-10-03
CUST-00212,Ian,Edwards,ianedwards@outlook.com,140 Hillside Avenue,Derby,DE3 0XA,United Kingdom,2022-09-30
CUST-00213,Noah,Foster,noah.foster49@gmail.com,76 Church Lane,Leicester ,LE2 5QQ,United Kingdom,2024-11-23
CUST-00422,Poppy,STONE,poppy.stone37@gmail.com,63 London Road,Norwich,NR7 9NL,United Kingdom,2025-06-21
CUST-00214,Alfie,Morgan,alfie.morgan49@gmail.com,59 Church Road,Limerick,V94 204V,Ireland,2023-03-08
CUST-00215,Elodie,Kowalski,elodie.kowalski@outlook.com,11 Oak Tree Close,London,NW9 0DJ,United Kingdom,2025-05-10
CUST-00216,Arjun,Walker,arjun.walker44@outlook.com,41 Orchard Close,Manchester,M10 3SA,United Kingdom,2025-07-27
CUST-00217,Fiona,James,fiona99@hotmail.com,6 North Street,London,EC2 4NR,United Kingdom,2022-12-21
CUST-00218,Chris,Rossi,chris77@gmail.com,53 Church Lane,Cambridge,CB4 4ZL,United Kingdom,2023-07-05
CUST-00219,Aoife,Sharma,sharma.aoife@gmail.com,105 George Street,Northampton,NN5 7HZ,United Kingdom,2023-11-23
CUST-00220,Florence,Ellis,fellis@outlook.com,81 New Road,Stoke-on-Trent,ST6 0LY,UK,2025-01-16
CUST-00221,Lena,Mensah,lenamensah@gmail.com,71 Oak Tree Close,Belfast,BT6 5JG,United Kingdom,2023-03-26
,Mei,Hill,mei.hill@gmail.com,81 Elm Grove,Manchester,M13 4UN,United Kingdom,2025-01-15
CUST-00223,Fiona,Khan,fiona.khan@gmail.com,Bahnhofstraße 139,Hamburg,21474,Germany,2023-02-16
CUST-00224,Olivia,Zhang,olivia.zhang@gmail.com,43 Windsor Drive,Bath,BA1 5XE,United Kingdom,2023-03-18
CUST-00225,Tariq,Wood,tariq.wood@yahoo.co.uk,94 Mill Lane,London,N19 3SY,United Kingdom,2025-06-12
CUST-00226,Sophie,Palmer,sophie98@outlook.com,54 Patrick Street,Dublin,D05 HE32,Ireland,2025-09-17
CUST-00227,Ciara,Stewart,cstewart@yahoo.co.uk,22 Orchard Close,Glasgow,G14 3LN,United Kingdom,2024-04-12
CUST-00228,Matthew,Owen,mowen@hotmail.com,111 Meadow View,Glasgow,G9 5DD,United Kingdom,2024-05-08
CUST-00229,Helen,Johnson,helen_johnson@gmail.com,Stationsstraat 5,Rotterdam,3025 SV,Netherlands,2022-07-13
CUST-00230,Ben,Wright,ben.wright@yahoo.co.uk,100 London Road,London,SE3 7NH,United Kingdom,2023-11-15
CUST-00231,Isla,Morgan,isla.morgan@hotmail.co.uk,127 York Road,London,WC2 7GL,United Kingdom,2025-01-23
CUST-00232,Emma  ,Chen,emma96@outlook.com,5 Kings Road,Newcastle upon Tyne,NE1 0DG,United Kingdom,2024-12-11
CUST-00233,Ben,Jones,ben_jones@gmail.com,4 London Road,Swansea,SA4 3TJ,United Kingdom,2022-11-22
CUST-00234,Megan,Jones,meganjones@live.co.uk,77 Elm Grove,Birmingham,B27 2GQ,United Kingdom,2023-11-29
CUST-00235,Leo,Li,leoli@outlook.com,87 George Street,Manchester,M19 1QQ,United Kingdom,2025-01-10
CUST-00236,Ryan,Dubois,ryan.dubois@hotmail.com,70 O'Connell Street,Dublin,D23 A11G,Ireland,2023-07-28
CUST-00237,Louise,López,louise.lopez84@outlook.com,28 Willow Way,London,WC2 0YP,United Kingdom,2024-12-03
CUST-00238,Jamie,Morgan,morgan.jamie@gmail.com,98 York Road,Middlesbrough,TS4 4PX,United Kingdom,2025-06-07
CUST-00239,Ethan,Hughes,hughes.ethan@gmail.com,105 Broad Street,Coventry,CV4 2RR,United Kingdom,2022-09-30
CUST-00240,Stephen,Rees,stephenrees@gmail.com,91 Willow Way,London,SW2 5RZ,United Kingdom,2024-01-22
CUST-00241,Alice,Mistry,alice.mistry@hotmail.co.uk,79 Orchard Close,Reading,RG7 6BP,United Kingdom,14/08/2024
CUST-00242,Anna,Harrison,anna.harrison@outlook.com,68 Manor Road,Bristol,BS6 3SR,United Kingdom,2024-09-06
CUST-00243,Laura,Fernández,laura.fernandez22@gmail.com,89 Springfield Road,London,E1 0TZ,United Kingdom,2023-09-29
CUST-00244,Ryan,Bell,ryan_bell@gmail.com,30 Patrick Street,Cork,T12 NY7D,Ireland,2023-01-31
CUST-00245,Poppy,Phillips,poppy.phillips70@outlook.com,Stationsstraat 115,Utrecht,3541 TX,Netherlands,2023-01-25
CUST-00246,Amara,Wood,wood.amara@outlook.com,133 The Green,Manchester,M11 1EW,United Kingdom,2025-01-06
CUST-00247,Tariq,Green,tariqgreen@outlook.com,11 London Road,Plymouth,PL7 5XQ,United Kingdom,2023-03-30
CUST-00248,Laura,Carter,laura_carter@outlook.com,69 Hillside Avenue,London,SE8 3ZR,United Kingdom,2023-08-27
,Charlotte,Campbell,campbell.charlotte@live.co.uk,90 Boulevard Saint-Michel,Lyon,69002,France,2023-06-22
CUST-00250,Fatima,Nowak,fatima.nowak@outlook.com,76 The Green,Manchester,M1 6GF,United Kingdom,2023-04-08
CUST-00251,Peter,Ahmed,peterahmed@outlook.com,56 Alexandra Road,Leicester,LE2 0LE,United Kingdom,2025-03-10
CUST-00252,Liam,Robinson,liamrobinson@gmail.com,138 Windsor Drive,Brighton,BN3 2PZ,United Kingdom,2025-02-20
CUST-00253,Amelia,Fox,amelia.fox@hotmail.co.uk,60 Victoria Road,London,EC4 6HZ,United Kingdom,2023-08-02
CUST-00254,Sophie,Barnes,sbarnes@outlook.com,81 North Street,Leeds,LS28 1JP,United Kingdom,2022-12-25
CUST-00255,Isabella,Ward,isabella.ward@gmail.com,92 Church Lane,Cardiff,CF12 7DH,United Kingdom,2024-11-22
CUST-00256,Mei,Butler,,136 Manor Road,Birmingham,B7 9SN,United Kingdom,2025-09-03
CUST-00257,Louise,Hall,louise82@gmail.com,144 Orchard Close,London,WC2 7WF,United Kingdom,2022-11-28
CUST-00258,Fatima,Hill,fatima.hill@hotmail.co.uk,107 Victoria Road,Brighton,BN2 5AZ,United Kingdom,2023-02-14
CUST-00259,Connor,Brennan,connor.brennan@gmail.com,36 Church Lane,Manchester,M29 1PJ,United Kingdom,2024-01-08
CUST-00260,Lena,Hughes,lena.hughes@live.co.uk,147 Victoria Road,Oxford,OX3 8GH,United Kingdom,2023-11-06
CUST-00261,Oliver,Mistry,oliver86@gmail.com,21 Springfield Road,London,SE14 2EZ,United Kingdom,2025-06-24
CUST-00262,Kieran,Taylor,ktaylor@gmail.com,50 George Street,London,WC2 7FE,United Kingdom,08-05-2024
CUST-00263,Emma,Harrison,harrison.emma@hotmail.com,117 Mill Lane,London,EC1 8JN,United Kingdom,2023-05-01
CUST-00264,Stephen,Pritchard,spritchard@outlook.com,72 Albert Street,Reading,RG3 6JJ,United Kingdom,2022-06-29
CUST-00265,Niamh,Bell,niamh.bell35@gmail.com,71 Church Road,Limerick,V94 61H9,Ireland,2023-01-25
CUST-00266,Aoife,Dubois,aoife.dubois@gmail.com,93 Patrick Street,Galway,H91 K8PE,Ireland,2023-07-24
CUST-00267,Louise,Ali,louise.ali@icloud.com,69 Willow Way,London,SE1 0AH,United Kingdom,2022-11-20
CUST-00268,Samuel,Kaur,samuel_kaur@hotmail.co.uk,53 North Street,Edinburgh,EH5 2GG,U.K.,2024-12-12
CUST-00269,Ethan,Roberts,ethanroberts@outlook.com,73 Windsor Drive,London,NW1 7RF,United Kingdom,2025-05-27
CUST-00270,Elodie,Jones,jones.elodie@gmail.com,54 Alexandra Road,Manchester,M20 5UJ,United Kingdom,2024-01-03
CUST-00271,George,Dubois,george_dubois@gmail.com,83 Meadow View,Liverpool,L11 1EP,United Kingdom,2023-05-16
CUST-00272,Sarah,Khan,sarah.khan@outlook.com,75 Church Lane,London,WC1 7AR,United Kingdom,2022-10-04
CUST-00273,Gemma,Turner,,46 Elm Grove,Southampton,SO17 6LT,United Kingdom,2023-08-04
CUST-00274,Fiona,Begum,,19 York Road,Manchester,M32 7HH,United Kingdom,2025-03-01
CUST-00275,Stephen,Kaur,stephenkaur@icloud.com,81 Albert Street,London,NW2 4FZ,United Kingdom,2022-10-10
CUST-00276,Chris,Hussain,chris.hussain@icloud.com,1 High Street,Leeds,LS24 3AZ,United Kingdom,2023-10-28
CUST-00277,Laura,Butler,butler.laura@gmail.com,35 Alexandra Road,Manchester,M33 0NY,United Kingdom,2023-06-07
CUST-00278,Stephen,Webb,stephen_webb@gmail.com,74 Chapel Street,Portsmouth,PO6 9SU,United Kingdom,2025-06-16
CUST-00279,Florence,Williams,fwilliams@hotmail.co.uk,2 West Street,London,WC2 7BQ,United Kingdom,2024-02-03
,Luke,Kelly,luke.kelly@outlook.com,138 New Road,London,W13 8DD,United Kingdom,2025-09-04
CUST-00281,Graham,Mensah,graham.mensah@yahoo.co.uk,112 Alexandra Road,Reading,RG6 4XY,United Kingdom,2023-07-18
CUST-00282,Neil,Okafor,okafor.neil@gmail.com,73 Park Avenue,Reading,RG6 5YP,United Kingdom,2024-10-18
CUST-00283,Kwame,Wood,kwood@hotmail.co.uk,145 Church Lane,Preston,PR2 3AE,United Kingdom,2023-05-10
CUST-00284,Niamh,Kaur,niamh76@hotmail.com,49 Victoria Road,Birmingham,B27 7ZZ,United Kingdom,2025-06-10
CUST-00285,Sophia,Morgan,sophia.morgan32@outlook.com,96 Park Avenue,London,SW14 4UW,United Kingdom,2023-01-24
CUST-00190,Isla,Harrison,isla.harrison80@icloud.com,12 Castle Street,Leicester,LE9 5YP,United Kingdom,2025-01-16
CUST-00286,Amelia,Hunt,ahunt@yahoo.co.uk,33 Willow Way,Edinburgh,EH11 7DA,United Kingdom,2022-11-18
CUST-00287,Laura,Doyle,laura.doyle@gmail.com,46 George Street,Swansea,SA6 6AE,United Kingdom,2024-09-18
CUST-00288,Mark,LÓPEZ,marklopez@btinternet.com,82 The Green,London,WC2 6QG,United Kingdom,2025-11-02
CUST-00289,ian,Holmes,ian.holmes@icloud.com,5 Hillside Avenue,London,N2 0SD,United Kingdom,2024-01-21
CUST-00290,Zara,Doyle,zara.doyle@outlook.com,Dorpsstraat 108,Amsterdam,1030 NZ,Netherlands,2024-07-27
CUST-00291,Samuel,Hussain,samuel.hussain@hotmail.co.uk,68 Albert Street,Hull,HU1 4FY,United Kingdom,2024-04-26
CUST-00292,Ethan,Doyle,ethandoyle@outlook.com,34 York Road,Cardiff,CF20 6XS,United Kingdom,2024-12-22
CUST-00293,Zara, Pearson,zara.pearson12@yahoo.co.uk,40 Elm Grove,Bradford,BD1 0FB,United Kingdom,2024-03-05
CUST-00294,Noah,Lloyd,nlloyd@gmail.com,66 Park Avenue,London,E13 7TS,united kingdom,2025-06-17
CUST-00295,Lukas,Walsh,lukas.walsh@hotmail.co.uk,36 Park Avenue,London,N7 6NS,United kingdom,2023-02-22
CUST-00296,Zara,Zhang,zara_zhang@yahoo.co.uk,130 Church Lane,Sunderland,SR1 7SB,United Kingdom,2024-11-30
CUST-00297,Zara,Murray,zaramurray@gmail.com,150 Abbey Street,Limerick,V94 3Y9X,Ireland,2022-09-02
CUST-00298,Freya,Harper,freya.harper@gmail.com,53 Avenue Victor Hugo,Marseille,13007,France,2023-04-20
CUST-00299,Aoife,Hussain,hussain.aoife@gmail.com,144 Mill Lane,London,EC1 8HF,United Kingdom,2022-12-04
CUST-00300,Olivia,Müller,olivia.muller@gmail.com,66 Grange Road,Liverpool,L38 9GJ,United Kingdom,2022-06-20
CUST-00301,Chris,Wright,chris.wright@gmail.com,21 York Road,Bristol,BS3 7RR,United Kingdom,2025-04-22
CUST-00302,Kieran,Pearson,kieranpearson@gmail.com,61 The Green,London,WC1 5GJ,United Kingdom,2024-01-06
CUST-00303,Freya,Chen,fchen@hotmail.co.uk,119 Bridge Street,Bristol,BS7 7LX,United Kingdom,2025-04-25
CUST-00304,Charlotte,Müller,charlotte.muller61@hotmail.co.uk,112 Manor Road,Birmingham,B39 7GR,United Kingdom,2023-03-22
CUST-00305,Graham,Evans,graham.evans@icloud.com,133 Castle Street,Aberdeen,AB12 2RQ,United Kingdom,2023-01-14
CUST-00306,Joshua,Dubois,joshua.dubois@hotmail.co.uk,62 Queens Road,Glasgow,G38 5FQ,United Kingdom,2025-08-10
CUST-00307,Sienna,Watson,,2 Alexandra Road,Portsmouth,PO2 5BR,United Kingdom,2025-07-18
CUST-00308,Claire,Hunt,CLAIRE.HUNT@HOTMAIL.COM,1 Bridge Street,London,N16 9NR,United Kingdom,2025-04-09
CUST-00309,Jamie,Reid,jreid@outlook.com,5 Church Road,Limerick,V94 77A1,Ireland,2023-02-07
CUST-00310,Katie,Pritchard,katie.pritchard@gmail.com,22 Meadow View,Manchester,M21 3UL,United Kingdom,2023-09-15
CUST-00311,Claire,Dixon,claire.dixon72@gmail.com,121 Grange Road,Chelmsford,CM2 7AN,United Kingdom,2022-12-30
CUST-00312, Niamh,Pritchard,pritchard.niamh@gmail.com,Lindenallee 10,Munich,81048,Germany,2024-06-22
CUST-00313,Evie,Wood,ewood@icloud.com,68 Springfield Road,Bristol,BS3 2QN,United Kingdom,2024-01-13
CUST-00314,Liam,Phillips,liam75@gmail.com,20 Springfield Road,Belfast,BT8 0DS,United Kingdom,2023-11-13
CUST-00315,Sarah,Butler,sarah.butler@btinternet.com,146 Manor Road,Manchester,M24 7FP,United Kingdom,2022-11-04
CUST-00316,Poppy,Osei ,poppyosei@yahoo.co.uk,130 Mill Road,Galway,H91 NGCX,Ireland,2023-09-21
CUST-00317,Daisy,Byrne,daisybyrne@btinternet.com,46 Broad Street,Bournemouth,BH8 3FP,United Kingdom,2023-07-07
CUST-00318,Mia,Hughes,miahughes@icloud.com,24 Richmond Road,London,N2 7LE,United Kingdom,2023-10-08
CUST-00319,Nicola,Rossi,nicola.rossi36@outlook.com,72 Richmond Road,London,WC2 3ZG,United Kingdom,2025-07-19
CUST-00320,Martin,Martin,martin.martin90@hotmail.com,110 York Road,Aberdeen,AB11 7YY,United Kingdom,2024-06-04
CUST-00321,Alfie,Ahmed,alfie_ahmed@btinternet.com,57 Alexandra Road,London,NW7 6TJ,United Kingdom,2024-07-14
CUST-00322,Max,Roberts,maxroberts@outlook.com,64 High Street,Bournemouth,BH11 4RF,United Kingdom,2025-10-21
CUST-00323,Jessica,Butler,jessica.butler@icloud.com,49 Park Avenue,Manchester,M12 6SE,United Kingdom,17-08-2022
CUST-00324,Lewis,López,lewis.lopez@icloud.com,148 Abbey Street,Dublin,D13 AKPY,Ireland,2024-12-05
CUST-00325,Paul,James,paul70@gmail.com,39 Broad Street,London,NW7 6WH,United Kingdom,2024-08-10
CUST-00126,Liam,Davies,davies.liam@gmail.com,119 Hillside Avenue,Swansea,SA7 9QW,United Kingdom,2023-01-06
CUST-00326,Elodie,Chen,chen.elodie@gmail.com,95 Bridge Street,Peterborough,PE4 3NZ,United Kingdom,2025-10-20
CUST-00327,Yuki,Clarke,yukiclarke@gmail.com,138 Hillside Avenue,Birmingham,B20 8XY,United Kingdom,21-05-2025
CUST-00328,Kwame,Green,kgreen@hotmail.com,4 Meadow View,Southampton,SO15 0UP,United Kingdom,2023-02-30
CUST-00329,Rachel,Ward,rachel.ward11@gmail.com,52 Alexandra Road,London,W4 0EZ,United Kingdom,2024-01-10
CUST-00330,Neil,Patel,neil_patel@hotmail.co.uk,57 Hillside Avenue,London,WC1 0FJ,United Kingdom,2022-12-15
CUST-00331,Ava,Byrne,byrne.ava@live.co.uk,59 Springfield Road,Plymouth,PL6 3GR,United Kingdom,2025-02-08
CUST-00332,Simon,Butler,butler.simon@btinternet.com,34 Willow Way,Middlesbrough ,TS3 3LD,United Kingdom,2023-01-26
CUST-00333,Marta,Murphy,marta.murphy@gmail.com,78 Elm Grove,London,E18 7GZ,United Kingdom,2023-05-30
CUST-00334,Mark,Khan,markkhan@gmail.com,126 Grange Road,London,SE25 6GU,United Kingdom,2025-06-28
CUST-00335,Mark,Robinson,mrobinson@hotmail.co.uk,117 New Road,Manchester,M38 5SJ,united kingdom,2023-05-02
CUST-00336,Phoebe,Zhang,phoebe.zhang@gmail.com,30 The Green,London,SE9 0SE,United Kingdom,2022-09-06
CUST-00337,Femke,Graham,femke.graham6@gmail.com,85 New Road,London,NW1 6FR,United Kingdom,2025-09-13
CUST-00105,chris,Graham,chris.graham@outlook.com,21 Castle Street,Sheffield,S20 1LX,United Kingdom,2025-01-02
CUST-00338,Sophia,Walsh,walsh.sophia@gmail.com,125 Church Lane,London,NW5 0RS,United Kingdom,2024-12-10
CUST-00339,Daisy,Reid,daisyreid@outlook.com,87 London Road,Bournemouth,BH10 7BN,United Kingdom,2022-08-22
CUST-00340,Sofia,Johnson,sofiajohnson@gmail.com,149 Orchard Close,Milton Keynes,MK8 4RL,United Kingdom,2025-10-27
CUST-00341,Amara,Hall,amarahall@outlook.com,108 Springfield Road,Luton,LU4 8QL,United Kingdom,27-01-2025
CUST-00342,Rachel,Murray,rachel.murray41@hotmail.co.uk,98 Elm Grove,Belfast,BT6 1WH,United Kingdom,2025-03-12
CUST-00343,Ben,Carter,ben_carter@outlook.com,45 Elm Grove,Coventry,CV6 9AG,United Kingdom,2024-04-06
CUST-00344,Adam,Jones,adam_jones@live.co.uk,63 York Road,Leeds,LS6 6TU,United Kingdom,2024-09-26
CUST-00345,Neil,Walker,walker.neil@outlook.com,14 Castle Street,Leeds,LS23 0XB,United Kingdom,2024-01-04
CUST-00346,Helen,Bailey,helen.bailey37@live.co.uk,96 North Street,London,WC1 5GB,United Kingdom,2024-09-07
CUST-00347,Tomasz,Marshall,,42 Queens Road,London,EC3 5LP,United Kingdom,2025-09-30
CUST-00348,Zara,Stone,zstone@gmail.com,66 Kings Road,London,NW7 4HJ,United Kingdom,2024-04-30
CUST-00349,Charlie,Begum,charliebegum@gmail.com,124 High Street,Birmingham,B8 0XE,United Kingdom,2025-02-08
CUST-00350,Martin,Foster ,mfoster@gmail.com,28 Chapel Street,London,E9 0PG,United Kingdom,2023-10-23
CUST-00351,Jack,Palmer,jack_palmer@gmail.com,31 Park Avenue,London,E11 3DH,United Kingdom,2024-09-14
CUST-00352,Tomasz,Osei,tomasz84@btinternet.com,90 London Road,London,SW10 5YA,United Kingdom,2025-05-29
CUST-00353,Richard,Carter,richard75@outlook.com,7 Hillside Avenue,London,SW15 9DY,United Kingdom,2023-09-12
CUST-00354,Yusuf,Marshall,yusuf.marshall@btinternet.com,96 London Road,Exeter,EX2 1JF,United Kingdom,2024-10-24
CUST-00355,Richard,Roberts,richard82@icloud.com,93 Kings Road, Bristol ,BS1 3YX,United Kingdom,2024-01-13
CUST-00356,Aaron,White,aaronwhite@yahoo.co.uk,70 Hillside Avenue,Norwich,NR7 4RE,United Kingdom,2025-05-01
CUST-00357,Anna,Fernández,anna71@outlook.com,77 Kings Road,London,E3 5SJ,United Kingdom,2025-03-11
CUST-00358,Mia,Patel,mia.patel@gmail.com,49 West Street,Manchester,M24 2SP,United Kingdom,2022-07-10
CUST-00359,Elodie,Price,elodie.price@gmail.com,140 Bridge Street,Manchester,M29 6HE,United Kingdom,2023-05-03
CUST-00360,Callum,Wright,callum.wright74@gmail.com,97 North Street,Manchester,M4 7YT,United Kingdom,2025-05-20
CUST-00361,Chris,Kaur,chriskaur@gmail.com,141 Mill Lane,London,NW9 2DE,United Kingdom,2025-10-13
CUST-00362,Chioma,Williams,cwilliams@gmail.com,23 York Road,London,SW19 1DX,United Kingdom,2023-10-07
CUST-00363,Yuki,Ward,yuki_ward@gmail.com,59 Mill Lane,Milton Keynes,MK11 6WR,United Kingdom,2024-11-10
CUST-00364,Hannah,López,hannah.lopez@gmail.com,69 Meadow View,London,SW13 2UU,united kingdom,2025-09-11
CUST-00365,Zara,Watson,watson.zara@icloud.com,29 Grange Road,Southampton,SO14 7GU,United Kingdom,2022-06-17
CUST-00366,Neil,Griffiths,neil.griffiths@outlook.com,134 The Green,Cardiff,CF13 9YQ,United Kingdom,2024-08-08
CUST-00367,Aaron,King,aaron.king@gmail.com,115 Victoria Road,Derby,DE2 1TP,United Kingdom,2025-01-16
CUST-00368,Simon,Wood,simon94@outlook.com,141 Rue de la Paix,Paris,75008,France,2022-10-16
CUST-00369,Julie,Brennan,julie.brennan18@,136 Chapel Street,Leeds,LS12 8AY,United Kingdom,2023-06-23
CUST-00370,Richard,Cooper,richard_cooper@icloud.com,29 Chapel Street,Leeds,LS7 4ZW,United Kingdom,2023-02-25
CUST-00371,Poppy,Wood,poppy_wood@gmail.com,20 West Street,London,W2 7FQ,United Kingdom,2022-08-21
CUST-00372,Jessica,Webb,jwebb@hotmail.com,94 Hillside Avenue,Hull,HU6 4XD,United Kingdom,2022-07-10
CUST-00373,Mohammed,Taylor,mohammed.taylor@outlook.com,11 Queens Road,Coventry,CV1 1HY,United Kingdom,2023-11-24
CUST-00374,Ian,Whitehead,iwhitehead@btinternet.com,7 York Road,Nottingham,NG6 6DL,United Kingdom,12/11/2025
CUST-00375,Hannah,Shaw,hannah.shaw49@outlook.com,50 Park Avenue,Nottingham,NG8 6EQ,United Kingdom,2023-07-16
CUST-00376,Mark,Phillips,markphillips@yahoo.co.uk,131 Oak Tree Close,Birmingham,B34 0EY,United Kingdom,2024-04-04
CUST-00377,Jack,White,jack.white@icloud.com,43 New Road,London,W4 9UE,United Kingdom,2023-12-04
CUST-00378,Wei,Roberts,wei_roberts@yahoo.co.uk,85 New Road,Southampton,SO18 5TH,United Kingdom,2022-07-17
CUST-00379,Tariq,Shaw,tariq.shaw56@gmail.com,2 High Street,Nottingham,NG2 8BG,United Kingdom,2025-03-20
CUST-00380,Michael,Whitehead,michael98@hotmail.co.uk,146 New Road,Cambridge,CB5 5QA,United Kingdom,2023-11-20
CUST-00381,Ciara,Lewis,ciara89@gmail.com,76 George Street,Cardiff,CF13 1FR,United Kingdom,2024-06-26
CUST-00382,Michael,Bennett,michaelbennett@outlook.com,Calle Real 52,Madrid,28055,Spain,2023-11-09
CUST-00383,Paul,Lynch,paul79@gmail.com,56 Alexandra Road,London,E5 9AH,United Kingdom,2023-07-09
CUST-00384,Luke,Fox,lfox@hotmail.co.uk,58 York Road,London,SE1 0HP, United Kingdom,2023-11-18
CUST-00385,Susan,Singh,susan.singh@gmail.com,10 Broad Street,Bradford,BD7 7YZ,United Kingdom,2024-12-18
CUST-00386,Hannah,Hall,hannah_hall@gmail.com,138 New Road,Nottingham,NG18 4WS,United Kingdom,2025-09-08
CUST-00387,Lewis,Hughes,lewis.hughes23@live.co.uk,107 Elm Grove,Swansea,SA6 3ES,United Kingdom,2024-05-13
CUST-00388,Paul,Pearson,paul.pearson@outlook.com,76 Alexandra Road,London,NW2 4JU,United Kingdom,01/08/2024
CUST-00389,Chris,Bailey,chrisbailey@outlook.com,6 London Road,Leeds,LS15 9AL,United Kingdom,2022-12-30
CUST-00390,Megan,Hunt,mhunt@outlook.com,12 The Green,Sheffield,S20 5WR,United Kingdom,2025-01-25
CUST-00391,Omar,Begum,obegum@gmail.com,143 High Street,Glasgow,G41 4PD,United Kingdom,2025-01-30
CUST-00392,Simon,Carter,simon.carter32@live.co.uk,105 Kings Road,Liverpool,L15 5FX,United Kingdom,2024-03-12
CUST-00393,Yuki,Roberts,yuki_roberts@gmail.com,68 Manor Road,London,WC2 8AA, United Kingdom,2023-11-14
CUST-00394,Nathan,Ali,nathan.ali@icloud.com,134 George Street,Ipswich,IP3 7QP,United Kingdom,2022-11-07
CUST-00395,Aoife,Müller,aoifemuller@hotmail.com,56 The Green,Southampton,SO19 1AU,United Kingdom,2025-10-09
CUST-00396,Sienna,Ahmed,sienna.ahmed41@gmail.com,61 Orchard Close,London,EC2 6QY,United Kingdom,2024-10-17
CUST-00397,Peter,Adebayo,PETER.ADEBAYO@YAHOO.CO.UK,91 Kings Road,London,EC1 0DB,United Kingdom,2025-11-01
CUST-00398,Callum,Johnson,cjohnson@outlook.com,119 Queens Road,Glasgow,G28 4QW,United Kingdom,2024-04-15
CUST-00399,Mohammed,Harrison,mohammed_harrison@hotmail.co.uk,129 George Street,Guildford,GU1 2JF,United Kingdom,2023-06-12
CUST-00400,Mia,Clarke,mia.clarke16@hotmail.com,31 Elm Grove,Glasgow,G28 4FX,United Kingdom,2024-02-17
CUST-00401,Ava,Mitchell,amitchell@gmail.com,3 Oak Tree Close,Sheffield,S4 8JA,United Kingdom,2023-07-31
CUST-00402,Daniel,Pritchard,daniel91@hotmail.co.uk,6 North Street,Luton,LU2 7SD,United Kingdom,2023-08-17
CUST-00403,Kenji,Chapman,kenjichapman@gmail.com,72 North Street,Swansea,SA2 7JF,United Kingdom,2024-08-22
CUST-00404,Katie,Khan,katie.khan@gmail.com,32 Orchard Close,Edinburgh,EH11 6ER,United kingdom,2023-01-25
CUST-00405,Florence,Collins,florence.collins@hotmail.co.uk,55 Windsor Drive,Birmingham,B39 5RL,United Kingdom,2023-05-13
CUST-00406,Matthew,Kelly,matthew90@yahoo.co.uk,77 Castle Street,London,EC4 9GA,United Kingdom,2022-09-11
CUST-00407,Sophie,Brennan,sophie76@hotmail.com,98 Castle Street,London,W13 0SS,United Kingdom,2025-01-26
CUST-00408,Elodie,Zhang,elodie.zhang69@yahoo.co.uk,27 Boulevard Saint-Michel,Lyon,69007,France,2024-01-18
CUST-00409,Daniel,Ryan,danielryan@gmail.com,88 Station Road,Bath,BA1 7UN,United Kingdom,2024-01-25
CUST-00410,Lukas,Morris,lukas.morris@hotmail.co.uk,120 Orchard Close,Manchester,M40 8DL,United Kingdom,2023-01-12
CUST-00411,Daniel,Jackson,daniel.jackson@gmail.com,66 Alexandra Road,London,EC4 0YY,United Kingdom,2023-08-21
CUST-00412,Charlotte,Singh,charlotte.singh@icloud.com,115 Hillside Avenue,Aberdeen,AB11 1AD,United Kingdom,2023-09-10
CUST-00216,Arjun,Walker,arjun.walker44@outlook.com,41 Orchard Close,Manchester,M10 3SA,United Kingdom,2025-07-27
CUST-00413,Tomasz,Williams,tomasz88@gmail.com,10 Willow Way,Edinburgh,EH15 5XP,United Kingdom,2022-06-17
CUST-00414,Amelia,Whitehead,amelia.whitehead@icloud.com,110 Manor Road,London,N6 1PE,United Kingdom,24/11/2023
CUST-00415,Connor,Whitehead,connor_whitehead@gmail.com,88 George Street,Reading,RG9 3AP,United Kingdom,2023-04-29
CUST-00416,Sarah,Nguyen,sarah_nguyen@gmail.com,6 Kings Road,Newcastle upon Tyne,NE28 3BT,United Kingdom,2025-01-03
CUST-00417,Elodie,Ahmed,elodieahmed@gmail.com,105 Main Street,Limerick,V94 6RFN,Ireland,2025-04-29
CUST-00418,Ella,ROBINSON,ella.robinson56@live.co.uk,104 Kings Road,Liverpool,L28 9SN,United Kingdom,2022-09-14
CUST-00419,Charlie,Khan,charlie.khan@outlook.com,90 Main Street,Cork,T12 D5BF,Ireland,2023-07-23
CUST-00420,Katie,Khan,katie93@icloud.com,Prinsengracht 90,Rotterdam,3081 ZW,Netherlands,2023-11-25
CUST-00421,Luke,Lloyd,luke.lloyd86@hotmail.com,63 London Road,London,E6 1YP,United Kingdom,2022-12-31
CUST-00422,Poppy,Stone,poppy.stone37@gmail.com,63 London Road,Norwich,NR7 9NL,United Kingdom,2025-06-21
CUST-00423,Joshua,Mensah,joshua.mensah@hotmail.co.uk,121 High Street,Sunderland,SR1 9YW,United Kingdom,2024-05-24
CUST-00424,Sophia,Collins,,62 Orchard Close,Swansea,SA6 8RW,United Kingdom,2024-11-24
CUST-00425,Freddie,Chapman,freddiechapman@hotmail.co.uk,62 Broad Street,London,SE25 8JE,united kingdom,2025-02-17
CUST-00426,Femke,Marshall,femkemarshall@gmail.com,Kerkstraat 32,Rotterdam,3040 AT,Netherlands,2023-08-16
CUST-00427,George,Taylor,george.taylor@hotmail.co.uk,149 West Street,Birmingham,B43 7TE,United Kingdom,2022-11-17
CUST-00428,Chris,Wang,chriswang@gmail.com,89 George Street,London,W8 7BU,United Kingdom,2023-06-07
CUST-00429,Simon,Chen,simon.chen81@outlook.com,55 Windsor Drive,York,YO8 9ZX,United Kingdom,2025-03-10
CUST-00014,Arjun,Khan,arjun.khan87@outlook.com,90 Meadow View,London ,W6 9ST,United Kingdom,2023-11-29
CUST-00430,Lewis,Lynch,lynch.lewis@outlook.com,69 Manor Road,Bath,BA1 8SZ,United Kingdom,2022-08-21
CUST-00431,Freddie,Phillips,freddie70@gmail.com,104 George Street,Brighton,BN3 5WD,United Kingdom,2023-12-03
CUST-00432,Joshua,Murphy,joshua86@gmail.com,10 Grange Road,Oxford,OX3 8UN,United Kingdom,2025-03-25
CUST-00433,Jane,Murphy,jane_murphy@hotmail.co.uk,71 The Green,Sheffield,S11 3TQ,United Kingdom,2025-07-13
CUST-00434,Tariq,Sharma,tariqsharma@btinternet.com,92 Albert Street,Bristol,BS13 1LE,United Kingdom,2023-09-10
CUST-00435,Raj,Chowdhury,raj82@gmail.com,20 Church Road,Cork,T12 E7D5,Ireland,2023-06-08
CUST-00436,Lily,Weber,LWEBER@HOTMAIL.CO.UK,40 York Road,Glasgow,G18 2XS,United Kingdom,2024-07-30
CUST-00437,Peter,Roberts,peterroberts@live.co.uk,120 Hillside Avenue,Leeds,LS17 2ZA,United Kingdom,2022-06-26
CUST-00438,Poppy,Rees,poppy.rees@icloud.com,57 Bridge Street,Guildford,GU4 6TD,United Kingdom,2023-05-12
CUST-00439,Chioma,Morris,morris.chioma@gmail.com,91 The Green,Sunderland,SR1 5XU,United Kingdom,2025-10-21
CUST-00440,Ava,Wright,ava_wright@btinternet.com,5 New Road,Milton Keynes,MK5 6XF,United kingdom,2023-02-11
CUST-00441,Paul,Ryan,paul71@hotmail.com,Kerkstraat 129,Amsterdam,1073 TT,Netherlands,2024-11-06
CUST-00442,Michael,White,michael.white@gmail.com,56 Queens Road,Liverpool,L40 7DZ,United Kingdom,2023-08-03
CUST-00443,Amelia,Brennan,brennan.amelia@yahoo.co.uk,103 Springfield Road,Cambridge,CB5 0LN,United Kingdom,2025-03-15
CUST-00444,Joshua,Morris,morris.joshua@gmail.com,52 Willow Way,Bristol,BS1 0YP,United Kingdom,2023-12-14
CUST-00445,Ciara,Baker,ciarabaker@hotmail.com,61 Queens Road,Hull,HU1 6TY,United Kingdom,2025-01-09
CUST-00446,Olivia,Watson,oliviawatson@icloud.com,26 Bridge Street,London,NW3 4ZL,United Kingdom,2023-08-22
CUST-00447,Leo,Singh,leo.singh@icloud.com,90 New Road,Dundee,DD2 7TW,United Kingdom,2022-09-13
CUST-00448,Yusuf,Adebayo,yusuf.adebayo@outlook.com,110 West Street,Glasgow,G29 4EA,United Kingdom,2024-03-25
CUST-00449,Simon,Wilson,wilson.simon@outlook.com,93 London Road,Peterborough,PE4 8XE,United Kingdom,2025-04-02
CUST-00450,Gemma,King,gemma.king16@hotmail.com,138 Albert Street,Bristol,BS15 4YY,United Kingdom,28-05-2025
CUST-00451,Olivia,Jackson,jackson.olivia@gmail.com,84 Windsor Drive,London,SE2 9PU,United Kingdom,2024-11-23
CUST-00452,Jane,Webb,,106 Oak Tree Close,Bradford,BD12 4XG,United Kingdom,2023-11-30
CUST-00453,Lukas,Harrison,lukas.harrison21@gmail.com,69 Broad Street,Norwich,NR3 3FH,United Kingdom,2023-06-06
CUST-00454,Archie,Kaur,archie.kaur@yahoo.co.uk,9 Mill Road,Dublin,D14 ER2G,Ireland,2022-11-03
CUST-00455,Liam,Murray,liam.murray56@gmail.com,30 Park Avenue,Oxford,OX4 5XN,United Kingdom,04/08/2022
CUST-00456,Anna,Bell,anna_bell@icloud.com,38 Queens Road,Southampton,SO19 7NT,United Kingdom,2023-02-26
CUST-00457,Stephen,van Dijk,stephen.vandijk@gmail.com,6 Grange Road,Bristol,BS4 7JJ,United Kingdom,2023-03-12
CUST-00458,Wei,Nguyen,wei.nguyen88@gmail.com,7 High Street,Liverpool,L14 6JY,United Kingdom,2022-10-29
CUST-00459,Olivia,Harrison,olivia.harrison@outlook.com,147 Meadow View,Cambridge,CB2 1PY,United Kingdom,2023-12-22
CUST-00460,Alice,Holmes,holmes.alice@live.co.uk,131 York Road,Bournemouth,BH6 1JA,United Kingdom,2025-04-08
CUST-00461,Mark,Webb,mark_webb@hotmail.co.uk,11 Willow Way,Birmingham,B5 4RX,United Kingdom,2023-11-18
CUST-00462,Lucy,Patel,lucy.patel31@gmail.com,138 Oak Tree Close,London,NW7 6HL,United Kingdom,2023-02-21
CUST-00463,Neil,Taylor,neil.taylor@gmail.com,28 Richmond Road,London,NW6 5NR,United Kingdom,2025-01-26
CUST-00464,Lewis,Müller,lewismuller@gmail.com,22 George Street,York,YO4 1PP,United Kingdom,2023-03-22
CUST-00339,Daisy,Reid,DAISYREID@OUTLOOK.COM,87 London Road,Bournemouth,BH10 7BN,United Kingdom,2022-08-22
CUST-00465,Liam,Chowdhury,liam.chowdhury@yahoo.co.uk,105 Meadow View,Plymouth,PL6 5DY,United Kingdom,2023-09-02
CUST-00466,Martin,Brennan,martin.brennan34@outlook.com,13 Oak Tree Close,Sheffield,S4 5TX,United Kingdom,2025-07-30
CUST-00467,Charlotte,Bailey,charlottebailey@outlook.com,30 Elm Grove,London,N11 0DL,United Kingdom,2024-05-14
CUST-00468,Susan,Morris,susan.morris@gmail.com,142 Kings Road,London,E2 1SY,United Kingdom,2025-11-09
CUST-00469,Jane,Osei,jane.osei57@yahoo.co.uk,111 The Green,London,NW11 8DH,United Kingdom,2023-10-16
CUST-00470,Neil,Harrison,neilharrison@outlook.com,17 Rue de la Gare,Lyon,69009,France,2022-08-23
CUST-00471,Ciara,Begum,ciara.begum34@yahoo.co.uk,98 Chapel Street,Sheffield,S20 1ZZ,United Kingdom,2022-08-29
CUST-00472,Emma,Butler,emma79@icloud.com,14 Queens Road,Belfast,BT15 7XJ,United Kingdom,2023-03-11
CUST-00473,Louise,Marshall,LOUISEMARSHALL@ICLOUD.COM,101 Church Lane,Birmingham,B18 2YZ,United Kingdom,2025-09-04
CUST-00474,Kwame,Fraser,fraser.kwame@gmail.com,Stationsstraat 149,Utrecht,3521 ZD,Netherlands,2023-02-06
CUST-00475,Louise,Pearson,louise.pearson63@hotmail.co.uk,104 Bridge Street,London,SW20 5DT,United Kingdom,2024-01-01
CUST-00476,Sienna,Graham,sienna.graham@live.co.uk,95 West Street,London,N3 5UT,United Kingdom,2024-06-12
CUST-00477,Ciara,Palmer,ciara.palmer53@yahoo.co.uk,Stationsstraat 20,Amsterdam,1023 TX,Netherlands,2025-08-24
CUST-00478,Chloe,Reid,chloe.reid@live.co.uk,74 Victoria Road,Liverpool,L33 3JU,United Kingdom,2023-09-19
CUST-00479,Aisha,Mitchell,amitchell@btinternet.com,113 Oak Tree Close,Peterborough,PE2 1JR,United Kingdom,2024-05-09
CUST-00480,Samuel,Webb,samuel.webb73@gmail.com,53 Castle Street,Bath,BA2 3AS,United Kingdom,2024-07-26
CUST-00481,Jane,Wright,jane.wright@gmail.com,57 Manor Road,Glasgow,G17 3FD,UK,2023-01-30
CUST-00482,Jessica,Carter,jessica.carter83@hotmail.co.uk,107 The Green,Swansea,SA7 7SB,United Kingdom,2025-05-10
CUST-00483,David,Mitchell,david90@icloud.com,20 Albert Street,London,N14 8TL,United Kingdom,2025-03-23
CUST-00484,Priya,Jones,priya.jones60@gmail.com,110 Windsor Drive,Bristol,BS2 7ZF,UK,2024-03-06
CUST-00485,Sophie,Thompson,sthompson@outlook.com,15 Richmond Road,Liverpool,L12 7EB,United Kingdom,2024-01-12
CUST-00486,Harry,Marshall,hmarshall@outlook.com,89 North Street,Cardiff,CF16 9PU,United Kingdom,2024-08-05
CUST-00487,Nathan,Murphy,nathan.murphy@yahoo.co.uk,113 Station Road,Middlesbrough,TS2 8QG,United Kingdom,2024-03-11
CUST-00488,Femke,Sharma,femke_sharma@gmail.com,102 Windsor Drive,London,EC4 7ZS,United Kingdom,2023-06-15
CUST-00489,Hannah,Nguyen,hannah.nguyen44@hotmail.co.uk,89 Avenue Victor Hugo,Lyon,69007,France,2024-07-16
CUST-00490,Karen,Mitchell,karen.mitchell59@yahoo,138 The Green,London,SW8 5AZ,United Kingdom,2025-06-12
CUST-00491,Femke,Ali,femke.ali98@btinternet.com,12 O'Connell Street,Limerick,V94 W5WE,Ireland,2025-09-27
CUST-00492,Grace  ,Graham,grace.graham@gmail.com,41 York Road,London,EC2 0EZ,United Kingdom,2023-08-24
CUST-00493,Rebecca,Chen,reb eccachen@live.co.uk,78 Rue des Lilas,Lyon,69009,France,2022-08-28
CUST-00494,Alfie,Martin,alfie.martin@hotmail.co.uk,133 Chapel Street, Leicester ,LE3 2SJ,United Kingdom,2024-06-24
CUST-00495,Mei,Reid,meireid@gmail.com,19 Castle Street,Manchester,M36 2DG,United Kingdom,2023-04-22
CUST-00496,Elodie,Nowak,elodie.nowak@outlook.com,109 The Green,Bristol,BS6 8SU,United Kingdom,04-09-2023
CUST-00497,Mark,Stone,mark_stone@yahoo.co.uk,139 Patrick Street,Galway,H91 447E,Ireland,2024-03-16
CUST-00498,Graham,O'Connor,grahamoconnor@gmail.com,126 Willow Way,Nottingham,NG4 9WD,United Kingdom,2022-11-09
CUST-00499,Priya,Reid,priya.reid@gmail.com,52 Queens Road,Northampton,NN5 6HT,United Kingdom,2025-03-12
CUST-00500,Alfie,Tran,alfie74@icloud.com,109 Patrick Street,Cork,T12 ARHR,Ireland,2023-07-26
